first_name,last_name,phone_number,state,country,email
John,Smith,555-0101,California,USA,john.smith@dummyemail.com
Emma,Johnson,555-0102,Texas,USA,emma.johnson@dummyemail.com
Michael,Williams,555-0103,New York,USA,michael.williams@dummyemail.com
Sarah,Brown,555-0104,Florida,USA,sarah.brown@dummyemail.com
John,Jones,555-0105,California,USA,john.jones@dummyemail.com
Emma,Garcia,555-0106,Texas,USA,emma.garcia@dummyemail.com
Michael,Miller,555-0107,New York,USA,michael.miller@dummyemail.com
Sarah,Davis,555-0108,Florida,USA,sarah.davis@dummyemail.com
John,Rodriguez,555-0109,California,USA,john.rodriguez@dummyemail.com
Emma,Martinez,555-0110,Texas,USA,emma.martinez@dummyemail.com
Michael,Hernandez,555-0111,New York,USA,michael.hernandez@dummyemail.com
Sarah,Lopez,555-0112,Florida,USA,sarah.lopez@dummyemail.com
John,Gonzalez,555-0113,California,USA,john.gonzalez@dummyemail.com
Emma,Wilson,555-0114,Texas,USA,emma.wilson@dummyemail.com
Michael,Anderson,555-0115,New York,USA,michael.anderson@dummyemail.com
Sarah,Thomas,555-0116,Florida,USA,sarah.thomas@dummyemail.com
John,Taylor,555-0117,California,USA,john.taylor@dummyemail.com
Emma,Moore,555-0118,Texas,USA,emma.moore@dummyemail.com
Michael,Jackson,555-0119,New York,USA,michael.jackson@dummyemail.com
Sarah,Martin,555-0120,Florida,USA,sarah.martin@dummyemail.com
John,Lee,555-0121,California,USA,john.lee@dummyemail.com
Emma,Perez,555-0122,Texas,USA,emma.perez@dummyemail.com
Michael,Thompson,555-0123,New York,USA,michael.thompson@dummyemail.com
Sarah,White,555-0124,Florida,USA,sarah.white@dummyemail.com
John,Harris,555-0125,California,USA,john.harris@dummyemail.com
Emma,Sanchez,555-0126,Texas,USA,emma.sanchez@otherdummyemail.com
Michael,Clark,555-0127,New York,USA,michael.clark@otherdummyemail.com
Sarah,Ramirez,555-0128,Florida,USA,sarah.ramirez@otherdummyemail.com
John,Lewis,555-0129,California,USA,john.lewis@otherdummyemail.com
Emma,Robinson,555-0130,Texas,USA,emma.robinson@otherdummyemail.com
Michael,Walker,555-0131,New York,USA,michael.walker@otherdummyemail.com
Sarah,Young,555-0132,Florida,USA,sarah.young@otherdummyemail.com
John,Allen,555-0133,California,USA,john.allen@otherdummyemail.com
Emma,King,555-0134,Texas,USA,emma.king@otherdummyemail.com
Michael,Wright,555-0135,New York,USA,michael.wright@otherdummyemail.com
Sarah,Scott,555-0136,Florida,USA,sarah.scott@otherdummyemail.com
John,Torres,555-0137,California,USA,john.torres@otherdummyemail.com
Emma,Nguyen,555-0138,Texas,USA,emma.nguyen@otherdummyemail.com
Michael,Hill,555-0139,New York,USA,michael.hill@otherdummyemail.com
Sarah,Flores,555-0140,Florida,USA,sarah.flores@otherdummyemail.com
John,Green,555-0141,California,USA,john.green@otherdummyemail.com
Emma,Adams,555-0142,Texas,USA,emma.adams@otherdummyemail.com
Michael,Nelson,555-0143,New York,USA,michael.nelson@otherdummyemail.com
Sarah,Baker,555-0144,Florida,USA,sarah.baker@otherdummyemail.com
John,Hall,555-0145,California,USA,john.hall@otherdummyemail.com
Emma,Rivera,555-0146,Texas,USA,emma.rivera@otherdummyemail.com
Michael,Campbell,555-0147,New York,USA,michael.campbell@otherdummyemail.com
Sarah,Mitchell,555-0148,Florida,USA,sarah.mitchell@otherdummyemail.com
John,Carter,555-0149,California,USA,john.carter@otherdummyemail.com
Emma,Roberts,555-0150,Texas,USA,emma.roberts@otherdummyemail.com
