product,description
MacBook Air,A lightweight Apple laptop suitable for work study and entertainment.
iPhone 14,Apple's smartphone for communication internet access and multimedia.
Samsung Galaxy S24+,Samsung's flagship smartphone with advanced features and performance.
iPad Pro,Apple's touchscreen tablet ideal for browsing reading and media consumption.
Apple Watch Series 9,A wearable device that tracks fitness and displays notifications.
Sony WF-1000XM5,Compact wireless earbuds with noise cancellation for music and calls.
PlayStation 5,A Sony gaming console designed for playing video games on a TV or monitor.
JBL Charge 5,A portable Bluetooth speaker for wireless music playback.
Seagate Backup Plus Slim,An external hard drive for backing up and transferring files.
Canon EOS R10,A digital camera for capturing high-quality photos and videos.
Kindle Paperwhite,A lightweight Amazon device for reading digital books and magazines.
Dell XPS 13,A compact Windows laptop designed for productivity and portability.
Google Pixel 8,Google's latest smartphone with AI-powered features and a high-quality camera.
Microsoft Surface Pro 9,A versatile tablet-laptop hybrid for work and creativity.
Fitbit Charge 6,A fitness tracker for monitoring health metrics and activity.
Bose QuietComfort 45,Over-ear headphones with active noise cancellation for immersive sound.
Nintendo Switch OLED,A hybrid gaming console for handheld and TV play.
Garmin Forerunner 265,A GPS smartwatch for runners and athletes.
HP Envy 6055e,An all-in-one wireless printer for home and office use.
GoPro HERO12 Black,An action camera for capturing adventures in 4K.
Roku Streaming Stick 4K,A compact device for streaming TV shows and movies.
Logitech MX Master 3S,An ergonomic wireless mouse for productivity.
Amazon Echo Dot (5th Gen),A smart speaker with Alexa voice assistant.
Lenovo ThinkPad X1 Carbon,A business laptop known for durability and performance.
DJI Mini 4 Pro,A lightweight drone for aerial photography and videography.
Samsung Galaxy Tab S9,A premium Android tablet for entertainment and productivity.
Asus ROG Zephyrus G14,A gaming laptop with powerful graphics and portability.
Apple AirPods Pro (2nd Gen),Wireless earbuds with adaptive noise cancellation.
Canon PIXMA TR8620a,A versatile printer for documents and photos.
Tile Pro (2024),A Bluetooth tracker for locating lost items.
Philips Hue Starter Kit,Smart LED bulbs for customizable home lighting.
Samsung QN90C Neo QLED TV,A high-end smart TV with vibrant colors and advanced display technology.
Apple Magic Keyboard,A wireless keyboard designed for Apple devices.
Sony Alpha a7 IV,A full-frame mirrorless camera for professional photography.
Dyson V15 Detect,A cordless vacuum cleaner with laser dust detection.
Google Nest Thermostat,A smart thermostat for energy-efficient home climate control.
Microsoft Xbox Series X,A powerful gaming console for immersive gameplay.
TP-Link Archer AX6000,A high-speed Wi-Fi 6 router for fast internet connectivity.
Anker PowerCore 20000,A portable power bank for charging devices on the go.
LG UltraGear 27GN950,A 4K gaming monitor with high refresh rate.
Samsung Galaxy Buds2 Pro,Wireless earbuds with enhanced sound quality.
Apple iPad Mini (6th Gen),A compact tablet for reading and entertainment.
Bose SoundLink Revolve+,A portable Bluetooth speaker with 360-degree sound.
Garmin Edge 1040,A GPS bike computer for cycling enthusiasts.
Sony WH-1000XM4,Wireless headphones with industry-leading noise cancellation.
Amazon Fire TV Cube,A streaming media player with voice control.
Razer DeathAdder V2,A high-precision gaming mouse for competitive play.
HP Spectre x360 14,A convertible laptop with touchscreen and stylus support.
Canon PowerShot G7 X Mark III,A compact camera for vlogging and travel.
Eufy RoboVac X8,A smart robot vacuum for automated home cleaning.
Apple TV 4K (3rd Gen),A streaming device for movies and TV shows.
Samsung T7 Shield SSD,A rugged portable SSD for fast data transfer.
DJI Osmo Mobile 6,A smartphone gimbal for smooth video recording.
Philips Sonicare DiamondClean,A rechargeable electric toothbrush for oral care.
Logitech C920s HD Pro Webcam,A high-definition webcam for video conferencing.
Tile Mate (2024),A compact Bluetooth tracker for everyday items.
Ring Video Doorbell Pro 2,A smart doorbell with advanced motion detection.
Lenovo Yoga 9i,A premium 2-in-1 laptop for productivity and creativity.
Jabra Elite 7 Pro,Wireless earbuds with advanced call quality.
Brother HL-L2350DW,A monochrome laser printer for efficient document printing.
Samsung Galaxy Watch6 Classic,A stylish smartwatch with health tracking features.
Apple HomePod Mini,A compact smart speaker with Siri integration.
GoPro MAX,A 360-degree action camera for immersive video.
Dell UltraSharp U2723QE,A 27-inch 4K monitor for professional use.
Fitbit Versa 4,A smartwatch for fitness and health tracking.
Sony PlayStation VR2,A virtual reality headset for immersive gaming.
Netgear Nighthawk M6 Pro,A mobile hotspot for fast 5G internet access.
Asus ZenBook Duo 14,A dual-screen laptop for multitasking.
Garmin Venu 3,A smartwatch with advanced health monitoring.
Roku Ultra (2023),A premium streaming device with 4K support.
Apple AirTag,A Bluetooth tracker for locating personal items.
Samsung Galaxy Book3 Pro,A lightweight laptop for productivity.
Bose Portable Smart Speaker,A wireless speaker with voice assistant support.
DJI Air 3,A compact drone for aerial photography.
Canon EOS M50 Mark II,A mirrorless camera for content creators.
Microsoft Surface Laptop Studio,A versatile laptop for creative professionals.
TP-Link Deco X90,A mesh Wi-Fi system for whole-home coverage.
JBL Flip 6,A portable Bluetooth speaker with powerful sound.
Amazon Kindle Scribe,A digital notebook for reading and writing.
Logitech G Pro X Keyboard,A mechanical keyboard for gaming.
Philips Hue Play Light Bar,Smart LED light bars for ambient lighting.
Samsung Galaxy Z Fold5,A foldable smartphone with a large display for multitasking.
Apple Vision Pro,A mixed reality headset for immersive experiences.
Sony Xperia 1 V,A flagship smartphone with a 4K OLED display.
Dell Alienware m18,A high-performance gaming laptop with advanced cooling.
Google Pixel Tablet,A versatile Android tablet for home and productivity.
HP Omen 45L,A desktop gaming PC with customizable RGB lighting.
Razer Blade 16,A thin and powerful gaming laptop with a mini-LED display.
Lenovo Legion Go,A handheld gaming device for portable PC gaming.
Microsoft Surface Go 3,A compact tablet for everyday tasks.
Asus ProArt StudioBook 16,A laptop designed for creative professionals.
Samsung Odyssey Ark,A curved 55-inch gaming monitor for immersive play.
Apple Mac Studio,A desktop computer for professional creators.
DJI Mavic 3 Pro,A drone with triple camera system for aerial photography.
Canon EOS R5,A professional mirrorless camera with 8K video.
Bose Smart Soundbar 900,A premium soundbar with Dolby Atmos support.
Philips Hue Gradient Lightstrip,Smart LED lightstrip for dynamic lighting effects.
Garmin Fenix 7,A rugged multisport GPS smartwatch.
Sony LinkBuds S,Wireless earbuds with ambient sound mode.
Amazon Echo Show 10,A smart display with motion tracking.
LG Gram 17,A lightweight laptop with a large screen.
Samsung Galaxy Watch5 Pro,A durable smartwatch for outdoor activities.
Apple Magic Mouse,A wireless mouse designed for Apple devices.
JBL PartyBox 310,A portable speaker with party lights and powerful sound.
Seagate FireCuda Gaming SSD,A high-speed external SSD for gaming.
Canon imageCLASS MF445dw,A multifunction laser printer for offices.
Google Nest Hub Max,A smart display with video calling and home control.
Microsoft Surface Duo 2,A dual-screen Android phone for productivity.
Fitbit Inspire 3,A slim fitness tracker for daily activity monitoring.
Bose Frames Tempo,Audio sunglasses for outdoor sports.
Nintendo Switch Lite,A handheld-only gaming console.
Garmin Instinct 2,A rugged GPS smartwatch for adventure.
HP Elite Dragonfly G3,A business laptop with long battery life.
GoPro HERO11 Mini,A compact action camera for easy mounting.
Roku Express 4K+,An affordable streaming device with 4K support.
Logitech MX Keys Mini,A compact wireless keyboard for productivity.
Amazon Fire HD 10,A budget-friendly tablet for entertainment.
Lenovo Tab P12 Pro,A premium Android tablet with stylus support.
DJI Avata,A first-person view drone for immersive flying.
Samsung Galaxy Buds FE,Affordable wireless earbuds with good sound.
Apple Pencil (2nd Gen),A stylus for iPad with magnetic attachment.
Sony SRS-XG300,A portable Bluetooth speaker with extra bass.
Canon SELPHY CP1500,A compact photo printer for instant prints.
Philips Sonicare 9900 Prestige,Advanced electric toothbrush with smart sensors.
Logitech StreamCam,A webcam optimized for streaming and content creation.
Tile Slim (2024),A thin Bluetooth tracker for wallets and bags.
Ring Floodlight Cam Wired Pro,A security camera with floodlights and siren.
Lenovo ThinkBook Plus Gen 3,A laptop with a secondary touch display.
Jabra Evolve2 85,Wireless headset for professional calls and meetings.
Brother MFC-L3770CDW,A color laser all-in-one printer for small businesses.
Samsung Galaxy Fit3,A fitness band for health tracking.
Apple HomePod (2nd Gen),A smart speaker with high-fidelity audio.
GoPro HERO10 Black Bones,A lightweight camera for FPV drones.
Dell UltraSharp U3223QE,A 32-inch 4K monitor with IPS Black technology.
Fitbit Ace 3,A fitness tracker for kids.
Sony INZONE H9,Wireless gaming headset with noise cancellation.
Amazon Fire TV Stick 4K Max,A streaming stick with Wi-Fi 6 support.
Razer Huntsman V2,A mechanical gaming keyboard with optical switches.
HP DeskJet 4155e,An affordable all-in-one printer for home use.
Canon PowerShot V10,A vlogging camera with built-in stand.
Eufy Security SoloCam S230,A wireless outdoor security camera.
Apple TV Remote (3rd Gen),A redesigned remote for Apple TV.
Samsung Portable SSD X5,A Thunderbolt 3 SSD for fast data transfer.
DJI RS 3 Pro,A professional camera gimbal for filmmakers.
Philips Airfryer XXL Premium,A smart air fryer with fat removal technology.
Logitech G502 X PLUS,A wireless gaming mouse with customizable buttons.
Tile Sticker (2024),A small Bluetooth tracker for gadgets.
Ring Alarm Pro,A smart home security system with built-in eero Wi-Fi.
Lenovo Yoga Slim 7i Pro X,A thin laptop with high-resolution display.
Jabra Elite 4 Active,Sport earbuds with secure fit and water resistance.
Brother DCP-L2550DW,A compact monochrome laser printer.
Samsung Galaxy Watch6,A smartwatch with advanced health features.
Apple AirPods Max,Over-ear headphones with spatial audio.
GoPro HERO9 Black,A versatile action camera with front display.
Dell XPS 17,A large-screen laptop for creators.
Fitbit Luxe,A stylish fitness tracker with color display.
Sony PlayStation Portal,A remote play handheld for PS5 games.
Netgear Orbi RBK853,A mesh Wi-Fi system for large homes.
Asus ROG Ally,A handheld gaming PC with Windows OS.
Garmin Venu Sq 2,A smartwatch with bright AMOLED display.
Roku Streambar,A compact soundbar and streaming device combo.
Apple AirTag Loop,A keychain accessory for AirTag.
Samsung Galaxy Book3 Ultra,A high-performance laptop for professionals.
Bose QuietComfort Earbuds II,Wireless earbuds with personalized noise cancellation.
DJI Mini 3,A lightweight drone for easy travel.
Canon EOS RP,A full-frame mirrorless camera for beginners.
Microsoft Surface Pro 8,A powerful tablet for work and creativity.
TP-Link RE650,An AC2600 Wi-Fi range extender.
JBL Clip 4,A portable Bluetooth speaker with carabiner.
Amazon Kindle Oasis,A premium e-reader with adjustable warm light.
Logitech G915 TKL,A wireless mechanical keyboard for gaming.
Philips Hue Go Portable Light,Smart portable lamp for flexible lighting.